{"stats":{"minecraft:picked_up":{"minecraft:crafting_table":1,"minecraft:firework_star":2,"minecraft:repeater":8,"minecraft:redstone":1,"minecraft:shulker_box":15,"minecraft:firework_rocket":118},"minecraft:dropped":{"minecraft:crafting_table":2,"minecraft:shulker_box":18,"minecraft:grass_block":1,"minecraft:flint_and_steel":2,"minecraft:firework_rocket":192},"minecraft:crafted":{"minecraft:firework_star":127,"minecraft:firework_rocket":387},"minecraft:used":{"minecraft:redstone_torch":4,"minecraft:oak_log":29,"minecraft:water_bucket":199,"minecraft:lever":2,"minecraft:firework_rocket":54,"minecraft:cobblestone_stairs":5,"minecraft:orange_concrete":41,"minecraft:flint_and_steel":4,"minecraft:command_block":16,"minecraft:grass_block":9,"minecraft:dispenser":20,"minecraft:redstone":35,"minecraft:oak_planks":964,"minecraft:cherry_leaves":90,"minecraft:tadpole_bucket":4,"minecraft:glow_berries":1,"minecraft:sand":198,"minecraft:repeater":35,"minecraft:cobblestone":261,"minecraft:anvil":1,"minecraft:pufferfish_bucket":6,"minecraft:crafting_table":2,"minecraft:cod_bucket":4,"minecraft:shulker_box":22,"minecraft:salmon_bucket":2,"minecraft:note_block":2,"minecraft:stone_pressure_plate":10,"minecraft:tropical_fish_bucket":9,"minecraft:kelp":25,"minecraft:axolotl_bucket":1,"minecraft:bone_meal":114},"minecraft:custom":{"minecraft:time_since_rest":59658,"minecraft:sprint_one_cm":22992,"minecraft:walk_one_cm":114098,"minecraft:interact_with_anvil":1,"minecraft:drop":26,"minecraft:swim_one_cm":4929,"minecraft:interact_with_crafting_table":8,"minecraft:tune_noteblock":6,"minecraft:fly_one_cm":290258,"minecraft:crouch_one_cm":10584,"minecraft:play_time":59658,"minecraft:open_shulker_box":16,"minecraft:sneak_time":3542,"minecraft:walk_under_water_one_cm":26455,"minecraft:jump":335,"minecraft:leave_game":5,"minecraft:walk_on_water_one_cm":12268,"minecraft:time_since_death":59658,"minecraft:total_world_time":67145,"minecraft:fall_one_cm":2875,"minecraft:inspect_dispenser":37}},"DataVersion":3839}